name,id
Boris,IIJ56YGQ7IM
Simone,PBG38MWE9IW
Matthew,HIU03DHU1ZI
Flavia,UCJ50HGB2CO
Geoffrey,YLZ89MBX2ZL
Orson,OME55PJW0RD
Laith,EHK43SHQ6JL
Ciaran,WBY75SLG4VX
Stacey,UTG10IAQ4CN
Adrienne,NDE70VPG1BK
Joel,SQX32DVG5FB
Colette,HHS30YJE5ZI
Claire,EMD18NVU5PM
Vera,QBK62FTP9NW
Benjamin,JOT73HRB7JJ
Kennan,UHE62PHD4PZ
Ian,ISC64DTV4BI
Rosalyn,XZI41NGG1SO
Scarlett,BCZ58TGW9XV
Felix,MRJ27VLD2CO
Ori,KCG70PRH7YO
Wyatt,DAZ24FJO0HN
Ainsley,INV63VAA7BH
Tamekah,JHZ16ITY5ZR
Kylie,WIT82PRM4AD
Venus,YLQ85RYL3IO
Ella,JXW39ZJW1NW
Hasad,RFW68PLO4OL
Iola,EIB24HIN2ZA
Griffith,DEX79IYR9WZ
Troy,MJP85LPB4IZ
Plato,GRW94NRC3EW
Raphael,ZFW89QDL7TA
Luke,XBU67GON6RE
Kyra,EWG23ZXU7TX
Alma,VMV23JIS5KV
Mari,NMU35TFR3FZ
Kathleen,PPH00SCX5LA
Cassady,CIQ19FXF6VC
Mona,QKN20UQB9LN
Clarke,KEK02PCN5GZ
Jackson,GHO07ULR7WS
Wayne,HIT52DTO9EX
Shana,KLF92KUD1ZL
Allegra,NFX25MNH1BX
Elvis,RGO50HCY7VR
Marsden,TOQ83DPK3UI
Evan,LYW45NXE8BH
Flavia,XBX46IXF8ZN
Simon,IND52ADQ9AE
Hammett,ZRD38GKQ9GI
Mark,LFT03UCW2AK
Unity,UIA13LIZ5SL
Anika,WCG00FVM1NE
Oscar,XNP83KQQ5SG
Zorita,YRI83TUN4VV
Dai,LTC64NZZ1SI
Aline,DZJ07DOD9EH
Athena,DWA83OKB1HU
Risa,IPP92ZDK6LH
Adele,VKD34EPI6LK
Wade,KMC11PBL4SQ
Plato,QGD30UZF9SB
Rose,PEB31ZQW3UQ
Ezekiel,UAR69IRV0QS
Keaton,SJF31POQ2FZ
Hillary,DXA93EYM6QZ
Jaquelyn,BIO42QXW0RF
Piper,SHS72BTP0IV
Daquan,DAV54OYV1FF
Zephania,RMZ98VVH3CA
Britanni,YIO97HAA0XS
Benedict,LAV82PLL4BG
Quon,BDM25JPH7XT
Ella,GQY74GUT9AJ
Tatiana,TYY07ZXK6HD
Caldwell,THK85EDV2VJ
Steel,JDC89ANE5EJ
Daria,PKT06YYP2BU
Amena,CNA45HUT9TQ
Noelle,ITU09BOE6BO
Tanisha,CHV50HJF9YV
Haviva,PQJ57IRM4FO
Scarlet,BKV49ERM0FG
Chandler,RTO11CNI5IZ
Solomon,NSM72GPC2FK
Kenyon,MAO00CQW1JP
Oprah,GLM77ITJ7KE
Austin,ZRT86EZO3BR
Hakeem,SNJ66UTT0TC
Kameko,HZO18KZI3FE
Troy,FHG99PRC1KE
Lois,ZYQ61ZCW4UR
Garrett,WTG41MSC5NY
Madeson,QXE44MSQ3GB
Uriel,CIG96KWR8EW
Avye,VHO09ZMP6XS
Garth,QYK18RHL3HN
Ralph,OOA26EVU1VW
Kylie,CAK58KUI9CL
